{"exp_p2": 1.0105246950753919, "exp_p1": 0.7400969323825103, "exp_m1": 0.3763312537227667, "exp_m2": 0.28174700580011663, "exp": 0.521913903704767, "obs": 0.5539724267706347}