{"exp_p2": 0.5521305560001188, "exp_p1": 0.21856322582846613, "exp_m1": 0.01173578127093503, "exp_m2": 0.0021084375898550263, "exp": 0.05734777375118838, "obs": 0.07180873052803453}