{"exp_p2": 1.7545752712294322, "exp_p1": 1.2720762961732819, "exp_m1": 0.6377501820447065, "exp_m2": 0.4731739008380644, "exp": 0.8924846399964371, "obs": 1.3352971254860764}