{"exp_p2": 0.8276574946063575, "exp_p1": 0.5345040672498215, "exp_m1": 0.10547655600578199, "exp_m2": 0.03889040527686523, "exp": 0.25999040745937085, "obs": 0.574709475331039}